二级类目,三级类目
女士裙子,连衣裙
女士裙子,套装裙
女士裙子,卫衣裙
女士裙子,针织裙
女士裙子,旗袍
女士裙子,半身裙
女士套装,运动套装
女士套装,休闲套装
女士套装,西装套装
女士外套,风衣
女士外套,防晒衣
女士外套,开衫外搭
女士外套,牛仔外套
女士外套,夹克
女士外套,小西装
女士外套,开襟卫衣
女士外套,毛呢大衣
女士外套,棉衣棉服
女士外套,羽绒服
女士外套,皮衣
女士外套,皮草
女士上衣,T恤
女士上衣,POLO衫
女士上衣,小披肩
女士上衣,衬衫
女士上衣,雪纺衫
女士上衣,蕾丝衫
女士上衣,打底衫
女士上衣,羊毛衫
女士上衣,毛衣
女士上衣,套头卫衣
女士上衣,马夹
女士裤子,牛仔裤
女士裤子,哈伦裤
女士裤子,萝卜裤
女士裤子,阔腿裤
女士裤子,喇叭裤
女士裤子,运动裤
女士裤子,工装裤
女士裤子,七分裤
女士裤子,短裤
女士裤子,直筒裤
女士裤子,小脚裤
女士裤子,铅笔裤
女士裤子,打底裤
女士裤子,背带裤
女士裤子,连体裤
女士裤子,皮裤
女士裤子,毛呢裤
女士裤子,棉裤
女士裤子,羽绒裤
女士内衣,文胸
女士内衣,睡眠文胸
女士内衣,罩杯
女士内衣,文胸套装
女士内衣,女士内裤
女士内衣,收腹裤
女士内衣,塑身衣
女士内衣,抹胸
女士内衣,吊带背心
女士内衣,家居服套装
女士内衣,睡裙
女士内衣,睡袍
女士内衣,保暖内衣
女士内衣,丝袜
女士内衣,袜子
女士内衣,泳衣
女鞋,拖鞋
女鞋,凉鞋
女鞋,平底鞋
女鞋,靴子
女鞋,高跟鞋
女鞋,半高跟
女鞋,内增高
女鞋,厚底鞋
女鞋,真皮鞋
女鞋,帆布鞋
女鞋,休闲运动鞋
箱包,真皮包
箱包,拉杆箱
箱包,单肩包
箱包,双肩包
箱包,手拎包
箱包,子母包
箱包,钱包
箱包,手拿包
箱包,其他箱包
配饰,遮阳帽
配饰,秋冬帽
配饰,浴巾
配饰,浴帽
配饰,围巾
配饰,丝巾
配饰,口罩
配饰,面罩
配饰,遮阳眼镜
配饰,收纳包
配饰,盒
配饰,首饰
配饰,冰袖
配饰,手套
配饰,腰带
配饰,手表
配饰,其他配饰
家纺,四件套
家纺,被子
家纺,枕头
家纺,抱枕
家纺,蚊帐
家纺,凉席
家纺,床裙
女士裙子,A字裙
女士上衣,T恤
女士内衣,三角裤
女士上衣,上衣
女士套装,两件套
女士套装,三件套
女士套装,五件套
女士套装,十件套
女士内衣,中筒袜
女鞋,中筒靴
女士上衣,马夹
女士裤子,九分裤
女士裤子,七分裤
女士裤子,五分裤
箱包,书包
女士裤子,休闲裤
配饰,套袖
配饰,袖套
配饰,护袖
女鞋,休闲鞋
配饰,伞
配饰,雨伞
女士裤子,保暖裤
女士裤子,光泽裤
女士裤子,光腿神器
女士内衣,内衣
女士裤子,内裤
女士裙子,冬裙
配饰,凉帽
箱包,箱包
箱包,化妆包
配饰,配饰
女士上衣,卫衣
女士内衣,发热袜
配饰,发饰
配饰,口罩
配饰,吊带
女士裤子,哈伦裤
家纺,四件套
配饰,围巾
配饰,围脖
女士内衣,堆堆袜
女士裤子,塑身裤
女士外套,外套
女士外套,外衣
女士外套,大衣
配饰,太阳帽
配饰,太阳镜
女士外套,夹克
女士上衣,套头毛衣
女士上衣,套头衫
箱包,女包
女士裤子,女裤
女鞋,女靴
女鞋,女鞋
箱包,子母包
女士内衣,安全裤
女士套装,家居服
女士裤子,小脚
女士裤子,小脚裤
女士上衣,小衫
女鞋,尖头鞋
女鞋,帆布鞋
配饰,帽
配饰,帽子
配饰,干发帽
女鞋,平底鞋
女士内衣,平角裤
女士外套,开衫
箱包,手拿包
箱包,手提包
配饰,手表
配饰,手链
女鞋,小白鞋
女鞋,跑鞋
箱包,包
家纺,席子
家纺,竹席
家纺,枕头
家纺,枕
女士内衣,胸衣
女士裤子,七分裤
女士上衣,打底衫
女士裙子,打底裙
女士裤子,打底裤
配饰,护腰带
女鞋,布鞋
女士内衣,短筒袜
女士裤子,喇叭裤
女鞋,半拖
配饰,护膝
女士上衣,半袖
女士裤子,直筒裤
配饰,耳套
女鞋,凉拖
女士裙子,长裙
女士上衣,体恤
配饰,束发带
配饰,披肩
家纺,抱枕
配饰,收腹带
配饰,收腹裤
箱包,斜挎包
箱包,斜跨包
箱包,旅行包
女士裙子,旗袍
女鞋,松糕鞋
女士裤子,松紧裤
女鞋,板鞋
女士外套,棉外套
女士外套,棉服
女士外套,棉衣
女士外套,棉袄
女鞋,棉鞋
配饰,止鼾带
家纺,毛毯
女士上衣,毛衣
其它,洋气装
配饰,浴巾
配饰,浴帽
女士裤子,牛仔裤
女士内衣,瘦腿袜
女士裙子,百褶裙
女士外套,皮衣
女士裙子,皮裙
女鞋,皮靴
女鞋,皮鞋
配饰,盆帽
女士内衣,睡衣
女士外套,短外套
女士上衣,短袖
女士裙子,短裙
女士裤子,短裤
女鞋,短靴
女士上衣,网纱衣
女士内衣,美体衣
女士内衣,美体裤
箱包,背包
女士内衣,背心
女士内衣,胸罩
女士内衣,船袜
女士上衣,衬衣
女士上衣,衬衫
家纺,被套
女士裙子,裙
女士裙子,裙子
女士裤子,裤
女士内衣,裤头
女士裤子,裤子
女士外套,西装
女士裤子,西装裤
女鞋,豆豆鞋
配饰,贝雷帽
女士套装,运动套装
女鞋,运动鞋
女士裤子,连体裤
女士裙子,连衣裙
女士内衣,连裤袜
女士上衣,针织衫
箱包,钱包
女士裤子,铅笔裤
箱包,链条包
女士内衣,长袜
女士裤子,长裤
女鞋,长靴
女士裤子,阔腿裤
女士外套,防寒服
女鞋,雪地靴
女鞋,靴女
女鞋,靴子
女鞋,鞋
女鞋,鞋女
女鞋,鞋子
女鞋,鞋帮
女鞋,鞋底
女士外套,风衣
女鞋,马丁靴
女士上衣,马甲
女士内衣,短袜
女士上衣,T恤
女士内衣,女袜
女鞋,增高鞋
家纺,床裙
女士内衣,裹胸
女士外套,大衣
箱包,小包
女士裙子,套头裙
家纺,空调被
家纺,空调被
女士裤子,裙裤
女士上衣,t恤
箱包,手提
家纺,空调被
女士外套,外批
女士裙子,雪纺裙
女士裤子,长裤
女士上衣,t恤
配饰,菩提
配饰,菩提
配饰,遮阳帽
配饰,鸭舌帽
配饰,鸭舌帽
配饰,手链
女士外套,外套
女士内衣,睡裙
女士内衣,睡袍
女士裙子,礼服